id_control,prioridad,estado,tema,inicio_referencia,fin_referencia,fuentes_o_reglas,hallazgo,tratamiento_para_Norma,url_oficial
C01,CRITICO,PENDIENTE,Calendario 2018 y enero 2019,2018-01-01,2019-01-04,CAL-2018-2019,La lista se conserva del adjunto pero no se revalidó completa. 01-01-2018 estaba inferido.,Bloquear resultado definitivo si interviene una fecha no corroborada; cotejar calendario DOF 11-12-2017.,https://www.dof.gob.mx/nota_detalle_popup.php?codigo=5507367
C02,CRITICO,PENDIENTE,Calendario anual 2022,2022-01-01,2022-12-31,CAL-2022,No se recuperó íntegro el calendario oficial; se conserva la información del adjunto.,No certificar la habilitación de una fecha de 2022 por ausencia en la lista.,https://www.cofece.mx/wp-content/uploads/2022/03/ACUERDO_Calendario_Anual_Labores_DOF-07-12-2021.pdf
C03,CRITICO,PENDIENTE,Ómicron: límites temporales y segundo acuerdo,2022-01-14,,CFCE-006-2022;COVID-DOF-2022-01-27,Son dos acuerdos distintos. Uno usa diez días hábiles; el segundo no se recuperó completo.,Fin vacío NO significa suspensión indefinida. Resolver documentos antes de calcular un plazo que pudiera depender de ellos.,https://www.cofece.mx/wp-content/uploads/2022/01/DOF-27enero2022-01.pdf
C04,ALTO,PENDIENTE,Excepciones de tres tramos COVID 2020,2020-04-20,2020-06-12,S02;S03;S04,Rangos corroborados expresamente en CFCE-155/172; falta cotejo de catálogos originales de excepciones.,No homologar las excepciones entre acuerdos; bloquear automatismo en el tramo si la excepción no está documentada.,https://dof.gob.mx/nota_detalle.php?codigo=5595822&fecha=30/06/2020
C05,CRITICO,NO_LOCALIZADO,Segundo periodo vacacional CNA 2026,2026-07-01,2026-12-31,CNA-066-2025,El calendario remite a acuerdo posterior. No localicé texto posterior suficiente; acceso al índice CNA devolvió errores.,No usar vacaciones SEP como sustituto. Revalidar acuerdos CNA antes de un cálculo definitivo en el segundo semestre.,https://sidof.segob.gob.mx/notas/docFuente/5776554
C06,ALTO,REVISION_CONTINUA,Actualización a la fecha y posteriores,2026-09-22,,INDICES_DOF_CNA,Corte de búsqueda: 22-09-2026. Las búsquedas no equivalen a certificación de que no exista otro acuerdo no indexado.,Mantener fecha de consulta y snapshot; verificar habilitaciones/suspensiones posteriores o particulares.,https://www.antimonopolio.gob.mx/Micrositios/acuerdos-del-pleno/
C07,CRITICO,OBLIGATORIO_POR_CASO,Ámbito legal y expediente,,,REGLAS_NORMA,"No es calendario PJF, IFT histórico, transparencia, OIC ni de la antigua CFC. Los asuntos transferidos del IFT requieren su calendario anterior.","Resolver autoridad, etapa, norma histórica, unidad, evento inicial y habilitación especial antes del cómputo.",https://www.diputados.gob.mx/LeyesBiblio/ref/lfce.htm
C08,ALTO,OBLIGATORIO_POR_CASO,Reglas no reducibles a días,,,EVENTOS_JURIDICOS,"Notificación, presentación ficta, horarios, suspensión individual y disponibilidad del sistema pueden cambiar inicio o vencimiento.",No fijar dies a quo por la fecha de envío o por leer sólo Detalle.,https://sidof.segob.gob.mx/notas/docFuente/5740300
C09,MEDIO,CERRADO,Cinco extraordinarios faltantes,2017-09-19,2023-12-12,CFCE-268-2017;CFCE-110-2019;CFCE-290-2023;CFCE-322-2023,"Se agregaron 19–20/09/2017, 08/04/2019, 06/11/2023, 12/12/2023.",Incluidos en Detalle y Calendario_Norma.,https://dof.gob.mx/nota_detalle.php?codigo=5498705&fecha=27/09/2017
C10,MEDIO,CERRADO,Inhábiles COVID vs. días laborables,2020-03-23,2021-02-19,CFCE-315-2020;S01:S10,4–8 enero 2021 reclasificados como extraordinarios; tramos de plazos separados.,No sumar todos los tramos COVID a un feriado universal.,https://dof.gob.mx/nota_detalle.php?codigo=5607397&fecha=11/12/2020
C11,MEDIO,CERRADO,Transición institucional,2025-07-17,2025-10-21,TRANS-2025;CNA-003-2025,"Se cerró suspensión de investigaciones al 16-10-2025 y se separaron 17,20,21 octubre.",Autoridad aplicable CNA desde 17-10-2025. Mantener emisor COFECE en fuente de calendarios heredados.,https://sidof.segob.gob.mx/notas/docFuente/5770946
C12,ALTO,REVISION_POR_EXPEDIENTE,Quórum y suspensiones individualizadas,,,EXPEDIENTE,"No se auditó cada expediente por suspensión, amparo, falta de integración/quórum del Pleno, prórroga o habilitación específica.",No aplicar la lista general como si sustituyera los acuerdos del expediente.,https://www.diputados.gob.mx/LeyesBiblio/ref/lfce.htm
