fuente_id,emisor,fecha_publicacion_DOF,fecha_adopcion,titulo,url_oficial,url_alternativa,estado_verificacion,localizador,notas,fecha_consulta
CAL-2013-2014,COFECE,2013-10-14,2013-09-26,ACUERDO mediante el cual la COFECE da a conocer el calendario de suspensión de labores para el año 2013 y principios de 2014,https://dof.gob.mx/nota_detalle.php?codigo=5317917&fecha=14/10/2013,https://www.dof.gob.mx/nota_detalle_popup.php?codigo=5317917,TEXTO_OFICIAL_COTEJADO,Calendario: listado de fechas y cláusula sábados y domingos,Fechas cotejadas con el texto oficial accesible en esta revisión.,2026-09-22
CAL-2014-2015,COFECE,2014-01-17,,ACUERDO mediante el cual la COFECE da a conocer el calendario de suspensión de labores para 2014 y principios de 2015,https://dof.gob.mx/nota_detalle_popup.php?codigo=5329940,https://www.dof.gob.mx/nota_detalle_popup.php?codigo=5329940,TEXTO_OFICIAL_COTEJADO,Calendario: listado de fechas y cláusula sábados y domingos,Fechas cotejadas con el texto oficial accesible en esta revisión.,2026-09-22
CAL-2015-2016,COFECE,2014-12-19,2014-12-11,ACUERDO mediante el cual la COFECE da a conocer el calendario anual de labores para 2015 y principios de 2016,https://dof.gob.mx/nota_detalle_popup.php?codigo=5376696,https://www.dof.gob.mx/nota_detalle_popup.php?codigo=5376696,TEXTO_OFICIAL_COTEJADO,Calendario: listado de fechas y cláusula sábados y domingos,Fechas cotejadas con el texto oficial accesible en esta revisión.,2026-09-22
CAL-2016,COFECE,2015-12-17,,ACUERDO mediante el cual la COFECE da a conocer el calendario anual de labores para 2016,https://dof.gob.mx/nota_detalle.php?codigo=5420395&fecha=17/12/2015,https://www.cofece.mx/wp-content/uploads/2017/11/dof-diario-oficial-de-la-federacin_calendario2016_171215.pdf,TEXTO_OFICIAL_COTEJADO,Calendario: listado de fechas y cláusula sábados y domingos,Fechas cotejadas con el texto oficial accesible en esta revisión.,2026-09-22
CAL-2017,COFECE,2016-12-15,,ACUERDO mediante el cual la COFECE da a conocer el calendario anual de labores para 2017,https://www.cofece.mx/wp-content/uploads/2017/12/DOF-calendario2017-Cofece-15122016.pdf,,TEXTO_OFICIAL_COTEJADO,Calendario: listado de fechas y cláusula sábados y domingos,Fechas cotejadas con el texto oficial accesible en esta revisión. PDF: texto recuperado; la captura visual no estuvo disponible (error del sitio).,2026-09-22
CAL-2018-2019,COFECE,2017-12-11,,ACUERDO mediante el cual la COFECE da a conocer el calendario anual de labores para 2018 y principios de 2019,https://www.dof.gob.mx/nota_detalle_popup.php?codigo=5507367,,HEREDADO_NO_REVALIDADO,,"Se conserva del adjunto. No fue posible revalidar íntegramente la lista oficial en esta revisión; no habilitar cómputo automático sin cotejo. En particular, el 1 de enero de 2018 estaba expresamente anotado como inferido en el archivo de entrada.",2026-09-22
CAL-2019-2020,COFECE,2018-12-26,,ACUERDO mediante el cual la COFECE da a conocer el calendario anual de labores para 2019 y principios de 2020,https://www.cofece.mx/wp-content/uploads/2018/12/DOF-26-dec-2018.pdf,,TEXTO_OFICIAL_COTEJADO,Calendario: listado de fechas y cláusula sábados y domingos,Fechas cotejadas con el texto oficial accesible en esta revisión. PDF: texto recuperado; la captura visual no estuvo disponible (error del sitio).,2026-09-22
CAL-2020-2021,COFECE,2019-12-03,,ACUERDO mediante el cual la COFECE da a conocer el calendario anual de labores para 2020 y principios de 2021,https://www.cofece.mx/wp-content/uploads/2019/12/DOF-03diciembre2019-01.pdf,,TEXTO_OFICIAL_COTEJADO,Calendario: listado de fechas y cláusula sábados y domingos,Fechas cotejadas con el texto oficial accesible en esta revisión. PDF: texto recuperado; la captura visual no estuvo disponible (error del sitio).,2026-09-22
CAL-2021,COFECE,2020-12-17,,ACUERDO mediante el cual la COFECE da a conocer el calendario anual de labores para 2021,https://sidof.segob.gob.mx/notas/docFuente/5607876,,TEXTO_OFICIAL_COTEJADO,Calendario: listado de fechas y cláusula sábados y domingos,Fechas cotejadas con el texto oficial accesible en esta revisión.,2026-09-22
CAL-2022,COFECE,2021-12-07,,ACUERDO mediante el cual la COFECE da a conocer el calendario anual de labores para 2022,https://www.cofece.mx/wp-content/uploads/2022/03/ACUERDO_Calendario_Anual_Labores_DOF-07-12-2021.pdf,,HEREDADO_NO_REVALIDADO,,Se conserva del adjunto. No fue posible revalidar íntegramente la lista oficial en esta revisión; no habilitar cómputo automático sin cotejo.,2026-09-22
ESP-2022-09-19,COFECE,2022-09-23,2022-09-20,ACUERDO No. CFCE-219-2022 por el que se declara como día inhábil el 19 de septiembre de 2022,https://dof.gob.mx/nota_detalle.php?codigo=5665362&fecha=23/09/2022,,TEXTO_OFICIAL_COTEJADO,Primero y Segundo,19-09-2022 inhábil por sismo; actuaciones realizadas válidas.,2026-09-22
CAL-2023-2024,COFECE,2022-12-14,2022-12-05,ACUERDO mediante el cual la COFECE da a conocer el calendario anual de labores para 2023 y principios de 2024,https://sidof.segob.gob.mx/notas/docFuente/5674327,https://www.cofece.mx/wp-content/uploads/2022/12/DOF-14diciembre2022-01.pdf,TEXTO_OFICIAL_COTEJADO,Calendario: listado de fechas y cláusula sábados y domingos,Fechas cotejadas con el texto oficial accesible en esta revisión.,2026-09-22
CAL-2024-2025,COFECE,2023-12-11,2023-11-30,ACUERDO mediante el cual la COFECE da a conocer el calendario anual de labores para 2024 y principios de 2025,https://sidof.segob.gob.mx/notas/docFuente/5710992,https://www.cofece.mx/wp-content/uploads/2023/12/DOF-11diciembre2023-01.pdf,TEXTO_OFICIAL_COTEJADO,Calendario: listado de fechas y cláusula sábados y domingos,Fechas cotejadas con el texto oficial accesible en esta revisión.,2026-09-22
CAL-2025-2026,COFECE,2024-12-20,2024-12-12,ACUERDO mediante el cual la COFECE da a conocer el calendario anual de labores para 2025 y principios de 2026,https://dof.gob.mx/nota_detalle.php?codigo=5745847&fecha=20/12/2024,https://www.cofece.mx/wp-content/uploads/2024/12/DOF-20diciembre2024-01.pdf,TEXTO_OFICIAL_COTEJADO,Calendario: listado de fechas y cláusula sábados y domingos,Fechas cotejadas con el texto oficial accesible en esta revisión.,2026-09-22
CNA-003-2025,CNA,2025-10-27,2025-10-21,"ACUERDO CNA-003-2025 mediante el cual se decreta la suspensión de plazos para los días 17, 20 y 21 de octubre de 2025",https://sidof.segob.gob.mx/notas/docFuente/5770946,,TEXTO_OFICIAL_COTEJADO,Considerandos 2 a 4; Primero y Segundo,"17, 20 y 21 de octubre de 2025 hábiles sin términos procesales. Actuaciones válidas. Integración del Pleno 16-10-2025; CNA opera desde 17-10-2025.",2026-09-22
CNA-066-2025,CNA,2025-12-18,,ACUERDO CNA-066-2025: calendario anual de labores para finales de 2025 y 2026,https://sidof.segob.gob.mx/notas/docFuente/5776554,https://sidof.segob.gob.mx/notas/5776554,TEXTO_OFICIAL_COTEJADO,Calendario: listado de fechas y cláusula sábados y domingos,Fechas cotejadas con el texto oficial accesible en esta revisión. El acuerdo difiere el segundo periodo vacacional de 2026; no se ha confirmado un acuerdo posterior.,2026-09-22
COVID-2020,COFECE,2020-03-24 a 2020-06-30,,Acuerdos COVID-19 de suspensión de plazos legales en procedimientos ante COFECE,https://www.cofece.mx/covid19/,,HEREDADO_NO_REVALIDADO,,"COFECE señaló que en varias suspensiones de 2020 los días eran laborables, pero no corrían plazos. Se separa en hoja Interrupciones_no_plazos.",2026-09-22
COVID-2021-2022,COFECE,2021-01-15 a 2022-01-27,,Acuerdos COVID-19 de suspensión de plazos legales 2021-2022,https://www.cofece.mx/covid19/,,HEREDADO_NO_REVALIDADO,,Listado COFECE COVID-19 con publicaciones DOF de 2021 y 2022 donde no corrían plazos en ciertos procedimientos.,2026-09-22
TRANS-2025,COFECE/CNA,2025-10-27,,Suspensión/transición derivada de reforma LFCE y traslado a CNA,https://sidof.segob.gob.mx/notas/docFuente/5770946,,TEXTO_OFICIAL_COTEJADO,Considerandos 2 y 3 de CNA-003-2025,"Suspensión 17-07 a 16-10-2025 sólo investigaciones LFCE 66–79, 94 I–III y 96 I–V. Reanudación formal 17-10; superponer CNA-003.",2026-09-22
FIN-SEMANA-ORDINARIO,COFECE/CNA,,,Sábados y domingos agregados como inhábiles ordinarios para construir una base completa de días inhábiles,https://sidof.segob.gob.mx/notas/docFuente/5776554,,REGLA_CALENDARICA_VERIFICADA,Cláusula 'además de los sábados y domingos' de los calendarios por año,Generación determinística de fines de semana dentro de cobertura. La norma de habilitación específica de un expediente prevalece.,2026-09-22
COFECE-INICIO-2013,COFECE,2013-12-31,,Informe Anual 2013 COFECE: inicio de funciones del Pleno el 10 de septiembre de 2013,https://www.cofece.mx/cofece/phocadownload/Normateca/Informe/informe_anual_2013_cofece.pdf,,HEREDADO_NO_REVALIDADO,,Inicio de cobertura heredado del adjunto; no incorpora la antigua CFC ni fechas anteriores al 10-09-2013.,2026-09-22
CFCE-268-2017,COFECE,2017-09-27,2017-09-21,Inhábiles 19 y 20 de septiembre de 2017 por sismo,https://dof.gob.mx/nota_detalle.php?codigo=5498705&fecha=27/09/2017,,TEXTO_OFICIAL_COTEJADO,Puntos Primero y Segundo,Días completos. Conserva validez de actuaciones realizadas.,2026-09-22
CFCE-110-2019,COFECE,2019-04-16,2019-04-11,Inhábil 8 de abril de 2019 por bloqueo de acceso al edificio,https://dof.gob.mx/nota_detalle.php?codigo=5557907&fecha=16/04/2019,,TEXTO_OFICIAL_COTEJADO,Puntos Primero y Segundo,No se infiere emergencia sanitaria: impedimento material de acceso.,2026-09-22
CFCE-290-2023,COFECE,2023-11-17,2023-11-09,Inhábil 6 de noviembre de 2023 por incendio y evacuación,https://sidof.segob.gob.mx/notas/docFuente/5708922,,TEXTO_OFICIAL_COTEJADO,Primero y Segundo,Se excluye el día completo aunque la evacuación ocurrió por la tarde. Actuaciones válidas.,2026-09-22
CFCE-322-2023,COFECE,2023-12-19,2023-12-12,Inhábil 12 de diciembre de 2023 por sismos,https://sidof.segob.gob.mx/notas/docFuente/5711875,,TEXTO_OFICIAL_COTEJADO,Primero y Segundo,Declaración de día completo; actuaciones válidas.,2026-09-22
CFCE-240-2024,COFECE,2024-10-04,2024-09-26,Día hábil 26 de septiembre de 2024 sin correr términos procesales,https://sidof.segob.gob.mx/notas/docFuente/5740300,,TEXTO_OFICIAL_COTEJADO,Primero a Tercero,Notificaciones por falta de acceso al SITEC (art. 83 último párrafo) hechas y con efectos el 30-09-2024.,2026-09-22
CFCE-084-2020,COFECE,2020-03-24,2020-03-19,COVID-19: suspensión condicionada 23 marzo a 17 abril 2020,https://dof.gob.mx/nota_detalle.php?codigo=5590194&fecha=24/03/2020,,TEXTO_OFICIAL_COTEJADO,Primero a Cuarto,Excepciones sólo del Tercero; no importar aquí las excepciones A–O de 2021.,2026-09-22
COVID-DOF-2020-12-11,COFECE,2020-12-11,2020-12-07,CFCE-315-2020: inhábiles 4–8 enero y suspensión de ciertos plazos,https://dof.gob.mx/nota_detalle.php?codigo=5607397&fecha=11/12/2020,,TEXTO_OFICIAL_COTEJADO,Primero a Quinto; excepciones A–N,Regla de presentación de escritos posteriormente modificada por CFCE-001-2021 y CFCE-015-2021.,2026-09-22
CFCE-001-2021,COFECE,2021-01-15,,COVID-19: extensión 18 a 29 enero 2021,https://sidof.segob.gob.mx/notas/docFuente/5609948,,TEXTO_OFICIAL_COTEJADO,Primero a Quinto; excepciones A–M (no A–O),Se corrige la publicación errónea 29-01-2021 del adjunto. Etapas H/I difieren de CFCE-015-2021.,2026-09-22
CFCE-015-2021,COFECE,2021-01-29,,COVID-19: extensión 2 a 19 febrero 2021,https://sidof.segob.gob.mx/notas/docFuente/5610616,,TEXTO_OFICIAL_COTEJADO,Primero a Quinto; excepciones A–O,"Para escritos afectados de 14–18 dic, 11–15 ene, 18–29 ene y 2–19 feb: presentación final 22-02-2021.",2026-09-22
CFCE-006-2022,COFECE,2022-01-14,,Ómicron: diez días hábiles a partir de publicación,https://sidof.segob.gob.mx/notas/docFuente/5640675,,TEXTO_OFICIAL_COTEJADO,Primero a Cuarto; excepciones A–M,No convertir a rango sin resolver inclusión del día de publicación y concatenación con el acuerdo de 27-01-2022.,2026-09-22
COVID-DOF-2022-01-27,COFECE,2022-01-27,,Ómicron: segundo acuerdo publicado el 27 enero 2022,https://www.cofece.mx/wp-content/uploads/2022/01/DOF-27enero2022-01.pdf,,IDENTIFICADO_TEXTO_PENDIENTE,Documento completo pendiente de recuperación,Existencia confirmada en CFCE-117-2023; no se inventa fecha final.,2026-09-22
CFCE-117-2023,COFECE,,2023-04-27,Deja sin efectos disposiciones extraordinarias de emergencia sanitaria,https://sidof.segob.gob.mx/notas/docFuente/5688700,,TEXTO_OFICIAL_COTEJADO,Considerando de los 11 acuerdos; resolutivos,No convierte toda la pandemia 2020–2023 en días sin plazos. Conserva procedimientos electrónicos sujetos al transitorio.,2026-09-22
CFCE-155-2020,COFECE,2020-06-12,2020-06-08,COVID-19: suspensión 15–30 junio y excepciones A–L,https://dof.gob.mx/nota_detalle.php?codigo=5594937&fecha=12/06/2020,,TEXTO_OFICIAL_COTEJADO,Primero a Quinto,El Cuarto confirma también los rangos de los cuatro primeros acuerdos de 2020.,2026-09-22
CFCE-172-2020,COFECE,2020-06-30,,COVID-19: suspensión 1–10 julio y presentación acumulada al 13 julio,https://dof.gob.mx/nota_detalle.php?codigo=5595822&fecha=30/06/2020,,TEXTO_OFICIAL_COTEJADO,Primero a Quinto,Excepciones A–L; no extender después del 10 julio de 2020 por la mera continuidad de la emergencia.,2026-09-22
COVID-DOF-2020-04-17,COFECE,2020-04-17,,Acuerdo COVID de suspensión de algunos plazos publicado el 2020-04-17,https://dof.gob.mx/index_113.php?day=17&month=04&year=2020,https://dof.gob.mx/nota_detalle.php?codigo=5595822&fecha=30/06/2020,RANGO_CORROBORADO_EXCEPCIONES_PENDIENTES,Rango corroborado en CFCE-155-2020 Cuarto y CFCE-172-2020 Cuarto,Rango confirmado por acuerdo posterior; catálogo completo de excepciones del acuerdo original no recuperado.,2026-09-22
COVID-DOF-2020-04-30,COFECE,2020-04-30,,Acuerdo COVID de suspensión de algunos plazos publicado el 2020-04-30,https://dof.gob.mx/index_113.php?day=30&month=04&year=2020,https://dof.gob.mx/nota_detalle.php?codigo=5595822&fecha=30/06/2020,RANGO_CORROBORADO_EXCEPCIONES_PENDIENTES,Rango corroborado en CFCE-155-2020 Cuarto y CFCE-172-2020 Cuarto,Rango confirmado por acuerdo posterior; catálogo completo de excepciones del acuerdo original no recuperado.,2026-09-22
COVID-DOF-2020-05-29,COFECE,2020-05-29,,Acuerdo COVID de suspensión de algunos plazos publicado el 2020-05-29,https://dof.gob.mx/index_113.php?day=29&month=05&year=2020,https://dof.gob.mx/nota_detalle.php?codigo=5595822&fecha=30/06/2020,RANGO_CORROBORADO_EXCEPCIONES_PENDIENTES,Rango corroborado en CFCE-155-2020 Cuarto y CFCE-172-2020 Cuarto,Rango confirmado por acuerdo posterior; catálogo completo de excepciones del acuerdo original no recuperado.,2026-09-22
