id_regla,inicio_incluido,fin_incluido,extremos_incluidos,fuente_id,fecha_publicacion_DOF,autoridad,efecto,ambito,grupo_excepciones,fecha_presentacion_final,estado_verificacion,literal_temporal,notas,url_oficial
S01,2020-03-23,2020-04-17,1,CFCE-084-2020,2020-03-24,COFECE,SUSPENSION_CONDICIONADA,PROCEDIMIENTOS_SALVO_EXCEPCIONES,EX084,2020-07-13,RANGO_VERIFICADO,,"Presentación inicial 20-04, desplazada por acuerdos sucesivos; fecha final CFCE-172.",https://dof.gob.mx/nota_detalle.php?codigo=5590194&fecha=24/03/2020
S02,2020-04-20,2020-04-30,1,COVID-DOF-2020-04-17,2020-04-17,COFECE,SUSPENSION_CONDICIONADA,PROCEDIMIENTOS_SALVO_EXCEPCIONES,PENDIENTE_S02,2020-07-13,RANGO_VERIFICADO_ALCANCE_PENDIENTE,,No presumir que todas las excepciones de marzo o junio se aplican a este tramo.,https://dof.gob.mx/index_113.php?day=17&month=04&year=2020
S03,2020-05-06,2020-05-29,1,COVID-DOF-2020-04-30,2020-04-30,COFECE,SUSPENSION_CONDICIONADA,PROCEDIMIENTOS_SALVO_EXCEPCIONES,PENDIENTE_S03,2020-07-13,RANGO_VERIFICADO_ALCANCE_PENDIENTE,,"No añadir 1, 4 y 5 de mayo como suspensión nueva: son inhábiles del calendario general.",https://dof.gob.mx/index_113.php?day=30&month=04&year=2020
S04,2020-06-01,2020-06-12,1,COVID-DOF-2020-05-29,2020-05-29,COFECE,SUSPENSION_CONDICIONADA,PROCEDIMIENTOS_SALVO_EXCEPCIONES,PENDIENTE_S04,2020-07-13,RANGO_VERIFICADO_ALCANCE_PENDIENTE,,Rango probado mediante referencia expresa de CFCE-155 y CFCE-172.,https://dof.gob.mx/index_113.php?day=29&month=05&year=2020
S05,2020-06-15,2020-06-30,1,CFCE-155-2020,2020-06-12,COFECE,SUSPENSION_CONDICIONADA,PROCEDIMIENTOS_SALVO_EXCEPCIONES,EX155,2020-07-13,RANGO_VERIFICADO,,Presentación inicialmente 01-07; CFCE-172 la desplaza a 13-07.,https://dof.gob.mx/nota_detalle.php?codigo=5594937&fecha=12/06/2020
S06,2020-07-01,2020-07-10,1,CFCE-172-2020,2020-06-30,COFECE,SUSPENSION_CONDICIONADA,PROCEDIMIENTOS_SALVO_EXCEPCIONES,EX172,2020-07-13,RANGO_VERIFICADO,,,https://dof.gob.mx/nota_detalle.php?codigo=5595822&fecha=30/06/2020
S07,2020-12-14,2020-12-18,1,COVID-DOF-2020-12-11,2020-12-11,COFECE,SUSPENSION_CONDICIONADA,PROCEDIMIENTOS_SALVO_EXCEPCIONES,EX315,2021-02-22,RANGO_VERIFICADO,,Presentación inicial 18-01; luego 02-02; finalmente 22-02 por CFCE-015.,https://dof.gob.mx/nota_detalle.php?codigo=5607397&fecha=11/12/2020
S08,2021-01-11,2021-01-15,1,COVID-DOF-2020-12-11,2020-12-11,COFECE,SUSPENSION_CONDICIONADA,PROCEDIMIENTOS_SALVO_EXCEPCIONES,EX315,2021-02-22,RANGO_VERIFICADO,,"4–8 enero son inhábiles generales distintos, ya incorporados sin doble conteo.",https://dof.gob.mx/nota_detalle.php?codigo=5607397&fecha=11/12/2020
S09,2021-01-18,2021-01-29,1,CFCE-001-2021,2021-01-15,COFECE,SUSPENSION_CONDICIONADA,PROCEDIMIENTOS_SALVO_EXCEPCIONES,EX001,2021-02-22,RANGO_VERIFICADO,,Excepciones A–M; emisión no equivale a notificación en H/I.,https://sidof.segob.gob.mx/notas/docFuente/5609948
S10,2021-02-02,2021-02-19,1,CFCE-015-2021,2021-01-29,COFECE,SUSPENSION_CONDICIONADA,PROCEDIMIENTOS_SALVO_EXCEPCIONES,EX015,2021-02-22,RANGO_VERIFICADO,,Excepciones A–O; puede influir consentimiento de todos los interesados.,https://sidof.segob.gob.mx/notas/docFuente/5610616
S11,,,,CFCE-006-2022,2022-01-14,COFECE,SUSPENSION_CONDICIONADA,PROCEDIMIENTOS_SALVO_EXCEPCIONES,EX006,,RANGO_RELATIVO_PENDIENTE_NORMALIZAR,Diez días hábiles contados a partir de la publicación en el DOF (14-01-2022).,Publicación no se convierte en inicio/fin por suposición. Revisar acuerdo sucesor 27-01-2022. No expandir con fin vacío.,https://sidof.segob.gob.mx/notas/docFuente/5640675
S12,,,,COVID-DOF-2022-01-27,2022-01-27,COFECE,SUSPENSION_CONDICIONADA,PROCEDIMIENTOS_SALVO_EXCEPCIONES,PENDIENTE_S12,,TEXTO_Y_RANGO_PENDIENTES,,"Acuerdo identificado, no recuperado completo. Debe bloquearse una respuesta definitiva de plazos que pudiera depender de él.",https://www.cofece.mx/wp-content/uploads/2022/01/DOF-27enero2022-01.pdf
S13,2024-09-26,2024-09-26,1,CFCE-240-2024,2024-10-04,COFECE,HABIL_SIN_PLAZOS,TODOS_TERMINOS_PROCESALES,,,RANGO_VERIFICADO,,Día hábil: se excluye del cómputo procesal. Regla específica de notificaciones en Eventos_juridicos.,https://sidof.segob.gob.mx/notas/docFuente/5740300
S14,2025-07-17,2025-10-16,1,TRANS-2025,2025-10-27,COFECE,SUSPENSION_CONDICIONADA,INVESTIGACIONES_66_79_94I_III_96I_V,TRANS_AI,,RANGO_VERIFICADO,,"No alcanza automáticamente CNT preventivas, incidentes ni toda actuación COFECE. Reanudación formal 17-10; superponer S15/S16.",https://sidof.segob.gob.mx/notas/docFuente/5770946
S15,2025-10-17,2025-10-17,1,CNA-003-2025,2025-10-27,CNA,HABIL_SIN_PLAZOS,TODOS_TERMINOS_PROCESALES,,,RANGO_VERIFICADO,,Hábil sin plazos; no duplicar los fines de semana 18 y 19 octubre.,https://sidof.segob.gob.mx/notas/docFuente/5770946
S16,2025-10-20,2025-10-21,1,CNA-003-2025,2025-10-27,CNA,HABIL_SIN_PLAZOS,TODOS_TERMINOS_PROCESALES,,,RANGO_VERIFICADO,,"Primera fecha ordinaria de cómputo posterior: 22-10-2025, salvo regla del expediente.",https://sidof.segob.gob.mx/notas/docFuente/5770946
